entry,sleeve,side,z,instrument,gap_bp,edge_bp,carry_h_bp,roll_h_bp,cr_h_bp,phi_star,phi_h,expected_bp,bleeding,pays,next_pnl_bp,exit,next_carry_roll_bp,next_rate_bp
2011-08-24,GBP outright,pay,-1.303,OIS forward 8 Dec 2011-12 Jan 2012,-4.729,12.938,0.0,2.398,2.398,0.0,,,False,,1.213,2013-01-25,3.104,-1.891
2012-06-14,GBP - USD 2y,pay,-1.011,2y gilt vs 2y Treasury,-11.492,8.161,4.194,2.234,6.428,0.0,,,False,,16.865,2012-10-12,7.92,8.945
2012-07-11,USD outright,pay,-1.021,ZQ Jan 2013,-1.094,5.122,0.0,0.5,0.5,0.0,,,False,,-3.5,2013-05-28,-0.586,-2.914
2012-09-06,GBP 2s10s,receive,1.134,2y vs 10y gilt,9.813,5.668,-7.3,-5.326,-12.626,0.69,,,True,,-14.389,2012-09-28,-10.063,-4.326
2012-10-04,GBP 2s10s,receive,1.406,2y vs 10y gilt,11.349,7.028,-6.557,-5.106,-11.663,0.624,,,True,,5.559,2012-10-18,-9.312,14.871
2013-01-29,GBP 2s10s,pay,-1.191,2y vs 10y gilt,-1.766,5.954,5.059,1.262,6.321,0.0,,,False,,31.007,2013-06-03,9.794,21.213
2013-06-24,USD outright,receive,1.362,ZQ Jan 2014,7.855,6.91,0.0,2.467,2.467,0.0,0.014,2.531,False,True,6.5,2013-11-20,2.399,4.101
2013-07-02,USD 2s10s,receive,1.073,2y vs 10y Treasury,8.549,5.366,-3.745,0.332,-3.413,0.389,,,True,,13.141,2013-10-07,-2.862,16.003
2013-07-25,GBP - USD 2y,pay,-1.094,2y gilt vs 2y Treasury,-12.268,5.469,3.68,0.812,4.492,0.0,0.856,5.328,False,True,19.697,2013-08-07,2.33,17.367
2013-09-05,GBP outright,receive,1.161,OIS forward 9 Jan-6 Feb 2014,-0.033,5.807,0.0,0.457,0.457,0.0,0.207,1.567,False,True,-0.596,2015-01-06,0.705,-1.301
2013-11-20,GBP - USD 2y,receive,1.017,2y gilt vs 2y Treasury,-1.49,5.083,-1.29,2.298,1.008,0.0,0.911,4.719,False,True,-7.288,2015-11-02,2.421,-9.71
2014-02-07,USD outright,pay,-1.956,ZQ Aug 2014,-8.984,9.781,0.0,-0.5,-0.5,0.049,0.239,1.955,True,True,-0.5,2014-03-20,-1.904,1.404
2014-02-17,GBP 2s10s,receive,1.046,2y vs 10y gilt,8.882,5.232,-3.848,6.478,2.63,0.0,0.729,4.527,False,True,-22.086,2014-08-08,4.116,-26.201
2014-03-20,USD 2s10s,receive,1.386,2y vs 10y Treasury,11.128,6.932,-3.203,3.74,0.537,0.0,,,False,,-15.944,2014-05-15,0.963,-16.907
2014-04-15,USD outright,pay,-1.075,ZQ Oct 2014,-5.2,5.469,0.0,-1.484,-1.484,0.213,0.272,0.407,True,True,-1.0,2015-10-30,-2.086,1.086
2014-06-19,USD 2s10s,receive,1.446,2y vs 10y Treasury,12.519,7.232,-2.488,6.233,3.745,0.0,0.646,5.998,False,True,-7.786,2014-10-08,5.136,-12.922
2014-08-14,GBP 2s10s,receive,1.339,2y vs 10y gilt,11.577,6.694,0.212,7.526,7.738,0.0,0.295,7.43,False,True,-3.387,2014-09-04,6.371,-9.758
2014-09-29,GBP 2s10s,receive,1.097,2y vs 10y gilt,10.534,5.484,0.335,8.175,8.511,0.0,0.445,7.165,False,True,-18.547,2014-10-09,3.381,-21.928
2014-10-13,USD 2s10s,pay,-1.845,2y vs 10y Treasury,-2.23,9.226,1.701,-6.067,-4.366,0.321,0.12,-2.74,True,False,37.909,2014-10-31,-7.046,44.954
2014-11-20,USD 2s10s,pay,-1.412,2y vs 10y Treasury,-0.308,7.058,0.99,-7.313,-6.323,0.473,0.489,0.216,True,True,23.435,2014-12-05,-8.444,31.879
2014-12-19,USD 2s10s,receive,1.301,2y vs 10y Treasury,13.158,6.503,1.193,8.643,9.836,0.0,0.659,7.64,False,True,-4.696,2015-01-09,9.275,-13.972
2014-12-31,GBP 2s10s,pay,-2.747,2y vs 10y gilt,-8.62,13.733,2.658,-3.675,-1.017,0.069,0.555,7.175,True,True,4.124,2015-02-06,-0.659,4.783
2015-01-12,USD 2s10s,pay,-1.138,2y vs 10y Treasury,1.139,5.688,-0.61,-7.313,-7.923,0.582,0.591,0.116,True,True,-8.375,2015-02-06,-8.339,-0.037
2015-02-06,USD 2s10s,receive,1.852,2y vs 10y Treasury,15.894,9.261,1.527,8.227,9.754,0.0,0.549,9.484,False,True,43.064,2015-03-18,8.098,34.966
2015-03-31,USD 2s10s,pay,-1.275,2y vs 10y Treasury,0.631,6.611,-0.443,-5.568,-6.011,0.476,0.673,2.478,True,True,-49.344,2015-05-06,-7.319,-42.026
2015-05-14,USD 2s10s,pay,-1.264,2y vs 10y Treasury,0.08,6.896,0.475,-5.817,-5.343,0.437,0.686,3.048,True,True,4.031,2015-06-05,-7.995,12.026
2015-05-27,GBP 2s10s,pay,-1.414,2y vs 10y gilt,-1.036,7.072,2.376,-3.727,-1.351,0.16,0.596,3.671,True,True,-0.059,2015-06-03,-2.268,2.209
2015-07-06,USD 2s10s,pay,-1.291,2y vs 10y Treasury,-0.082,7.118,0.259,-5.984,-5.725,0.446,0.736,3.727,True,True,17.61,2015-12-16,-7.366,24.976
2015-07-15,GBP outright,receive,1.3,OIS forward 5 Nov-10 Dec 2015,8.888,6.498,0.0,7.35,7.35,0.0,0.189,7.189,False,True,13.303,2015-08-24,6.157,7.146
2015-09-14,GBP 2s10s,pay,-1.026,2y vs 10y gilt,1.299,5.132,2.224,-2.639,-0.415,0.075,0.613,2.987,True,True,-4.314,2015-11-11,-0.368,-3.946
2016-01-04,GBP 2s10s,pay,-1.196,2y vs 10y gilt,0.648,5.981,0.96,-4.708,-3.748,0.385,0.636,2.436,True,True,21.013,2016-02-11,3.537,17.476
2016-01-12,USD 2s10s,pay,-1.084,2y vs 10y Treasury,-5.411,9.445,-2.42,-5.734,-8.155,0.463,0.358,-1.857,True,False,9.529,2016-12-14,-5.432,14.962
2016-01-22,GBP outright,pay,-1.019,OIS forward 12 May-16 Jun 2016,-1.412,5.095,0.0,0.668,0.668,0.0,0.2,1.555,False,True,2.525,2016-10-07,3.162,-0.637
2016-02-08,USD outright,pay,-1.172,ZQ Aug 2016,-59.713,18.824,0.0,-1.984,-1.984,0.095,0.0,-1.984,True,False,0.5,2016-04-14,-6.439,6.939
2016-02-12,GBP 2s10s,pay,-1.179,2y vs 10y gilt,0.548,5.896,4.202,0.254,4.456,0.0,0.613,5.339,False,True,3.511,2016-04-18,4.912,-1.401
2016-04-20,GBP - USD 2y,pay,-1.007,2y gilt vs 2y Treasury,39.023,10.283,6.67,4.595,11.264,0.0,0.0,11.264,False,True,-5.149,2016-06-10,9.847,-14.997
2016-05-12,GBP 2s10s,receive,1.983,2y vs 10y gilt,15.723,9.915,-4.456,-0.756,-5.213,0.345,0.614,4.081,True,True,-65.131,2016-08-04,-6.098,-59.033
2016-05-17,USD outright,receive,1.298,ZQ Dec 2016,-35.265,13.31,0.0,9.434,9.434,0.0,0.005,9.454,False,True,12.5,2016-06-03,8.054,4.446
2016-06-03,USD outright,pay,-1.101,ZQ Dec 2016,-56.898,10.853,0.0,-6.951,-6.951,0.39,0.023,-6.546,True,False,2.5,2016-07-08,-6.982,9.482
2016-06-16,GBP - USD 2y,pay,-1.017,2y gilt vs 2y Treasury,40.214,9.421,6.459,3.164,9.623,0.0,0.009,9.621,False,True,-16.564,2016-12-02,10.848,-27.412
2016-08-05,USD outright,receive,1.097,ZQ Mar 2017,-37.786,9.693,0.0,5.615,5.615,0.0,0.021,5.702,False,True,-7.0,2016-12-14,5.446,-12.446
2016-10-03,GBP 2s10s,pay,-1.039,2y vs 10y gilt,-1.666,8.445,2.991,2.807,5.798,0.0,0.982,8.399,False,True,-46.841,2016-11-03,4.188,-51.028
2016-12-14,GBP - USD 2y,receive,1.401,2y gilt vs 2y Treasury,60.606,18.21,-12.106,-6.24,-18.346,0.502,0.022,-17.537,True,False,3.08,2017-01-06,-15.464,18.543
2016-12-15,GBP outright,receive,1.189,OIS forward 15 Jun-3 Aug 2017,8.161,10.123,0.0,2.372,2.372,0.0,0.376,5.286,False,True,1.187,2017-04-03,2.655,-1.468
2017-02-02,USD outright,receive,1.294,ZQ Aug 2017,-29.783,13.551,0.0,15.787,15.787,0.0,0.046,15.683,False,True,-17.5,2017-06-15,17.019,-34.519
2017-02-15,GBP - USD 2y,pay,-1.454,2y gilt vs 2y Treasury,23.434,18.146,8.643,7.952,16.594,0.0,0.045,16.664,False,True,5.868,2018-05-29,12.95,-7.082
2017-03-10,USD 2s10s,pay,-1.123,2y vs 10y Treasury,-19.531,11.085,-3.323,-6.732,-10.055,0.476,0.287,-3.995,True,False,31.734,2017-03-16,-4.341,36.075
2017-03-17,USD 2s10s,receive,1.007,2y vs 10y Treasury,1.122,9.832,0.871,6.648,7.52,0.0,0.291,8.194,False,True,-30.182,2017-04-07,3.841,-34.023
2017-04-03,GBP 2s10s,pay,-1.132,2y vs 10y gilt,-1.503,9.077,3.52,2.574,6.094,0.0,1.0,9.077,False,True,4.799,2017-11-02,6.196,-1.396
2017-05-04,USD 2s10s,pay,-1.522,2y vs 10y Treasury,-23.709,14.507,-1.033,-3.657,-4.69,0.244,0.296,0.994,True,True,10.55,2017-06-15,-2.408,12.958
2017-05-16,GBP outright,pay,-1.993,OIS forward 2 Nov-14 Dec 2017,-19.25,17.947,0.0,-1.908,-1.908,0.096,0.39,5.835,True,True,2.084,2018-03-20,-4.553,6.637
2017-07-07,USD 2s10s,receive,1.16,2y vs 10y Treasury,-0.53,11.315,-0.543,3.075,2.532,0.0,0.309,5.248,False,True,-13.966,2017-11-02,1.04,-15.006
2017-09-20,USD outright,receive,1.273,ZQ Feb 2018,-23.499,14.101,0.0,16.0,16.0,0.0,0.072,15.863,False,True,-20.0,2018-05-29,17.18,-37.18
2017-11-02,USD 2s10s,pay,-1.152,2y vs 10y Treasury,-23.086,11.198,-2.26,-2.576,-4.836,0.302,0.396,1.521,True,True,-5.413,2017-12-14,-7.409,1.995
2017-12-21,USD 2s10s,receive,1.037,2y vs 10y Treasury,-2.043,10.426,2.977,3.241,6.218,0.0,0.408,7.937,False,True,6.699,2018-02-01,9.736,-3.037
2018-03-22,GBP 2s10s,pay,-1.451,2y vs 10y gilt,-14.66,17.833,-1.778,-1.502,-3.281,0.155,0.774,13.065,True,True,-4.768,2018-05-03,-1.623,-3.145
2018-03-22,USD 2s10s,receive,1.468,2y vs 10y Treasury,2.474,15.003,4.246,5.402,9.648,0.0,0.401,11.797,False,True,-9.054,2018-05-03,10.964,-20.017
2018-05-04,USD 2s10s,pay,-1.502,2y vs 10y Treasury,-27.957,15.845,-6.539,-6.316,-12.855,0.448,0.392,-1.612,True,False,5.005,2018-06-14,-10.998,16.004
2018-06-14,USD 2s10s,receive,1.518,2y vs 10y Treasury,3.549,16.465,5.463,5.651,11.114,0.0,0.384,13.167,False,True,-6.441,2018-08-02,10.494,-16.935
2018-06-21,GBP 2s10s,pay,-1.17,2y vs 10y gilt,-13.116,14.624,-0.429,-0.336,-0.765,0.05,0.774,11.15,True,True,-1.077,2018-08-02,0.548,-1.624
2018-06-27,USD outright,pay,-1.01,ZQ Jan 2019,-38.696,11.374,0.0,-14.484,-14.484,0.56,0.095,-12.035,True,False,11.5,2018-07-06,-13.336,24.836
2018-06-29,GBP - USD 2y,receive,1.054,2y gilt vs 2y Treasury,33.503,20.276,-4.414,-2.97,-7.384,0.267,0.066,-5.564,True,False,-2.549,2018-08-02,-11.02,8.471
2018-07-31,USD outright,receive,1.022,ZQ Jan 2019,-16.267,10.03,0.0,18.467,18.467,0.0,0.097,17.645,False,True,-5.5,2018-08-10,15.08,-20.58
2018-08-02,GBP 2s10s,receive,1.103,2y vs 10y gilt,9.557,11.149,-1.241,0.287,-0.955,0.079,0.707,7.605,True,True,-3.648,2019-03-22,-1.219,-2.428
2018-08-03,USD 2s10s,pay,-1.041,2y vs 10y Treasury,-23.921,11.656,-5.915,-4.654,-10.569,0.476,0.38,-2.119,True,False,-9.792,2018-09-27,-10.807,1.015
2018-08-14,GBP outright,pay,-1.231,OIS forward 7 Feb-21 Mar 2019,-30.94,18.059,0.0,-3.456,-3.456,0.161,0.382,4.753,True,True,2.491,2018-11-13,-8.043,10.533
2018-08-15,GBP - USD 2y,pay,-1.154,2y gilt vs 2y Treasury,-9.047,22.142,8.979,2.659,11.638,0.0,0.068,12.352,False,True,-9.763,2018-11-01,11.343,-21.106
2018-10-11,USD outright,pay,-1.031,ZQ Apr 2019,-35.356,9.919,0.0,-18.032,-18.032,0.645,0.103,-15.158,True,False,-20.5,2020-04-13,-14.852,-5.648
2018-11-09,USD 2s10s,pay,-1.494,2y vs 10y Treasury,-29.814,17.374,-6.227,-4.737,-10.964,0.387,0.39,0.101,True,True,6.033,2019-01-28,-2.124,8.157
2018-12-20,GBP - USD 2y,receive,1.355,2y gilt vs 2y Treasury,32.77,24.608,-2.843,-0.82,-3.663,0.13,0.096,-0.942,True,False,-19.164,2020-04-03,0.676,-19.84
2019-02-13,GBP outright,receive,1.086,OIS forward 1 Aug-19 Sep 2019,-5.646,13.84,0.0,3.096,3.096,0.0,0.445,7.873,False,True,1.99,2019-03-21,3.059,-1.069
2019-05-22,GBP 2s10s,pay,-1.272,2y vs 10y gilt,-14.688,11.974,1.248,2.399,3.647,0.0,0.755,9.936,False,True,32.263,2019-09-19,5.994,26.269
2019-05-23,GBP outright,pay,-1.319,OIS forward 7 Nov-19 Dec 2019,-35.318,14.05,0.0,1.425,1.425,0.0,0.457,7.189,False,True,-10.165,2019-10-15,7.111,-17.276
2019-06-07,USD 2s10s,receive,1.173,2y vs 10y Treasury,-1.167,12.979,-6.25,-3.989,-10.239,0.441,0.412,-0.682,True,False,-31.571,2019-09-06,-11.566,-20.005
2019-10-31,USD 2s10s,pay,-1.477,2y vs 10y Treasury,-32.61,19.983,1.392,0.997,2.39,0.0,0.538,11.849,False,True,-0.616,2020-02-28,0.327,-0.943
2020-01-13,GBP 2s10s,receive,1.792,2y vs 10y gilt,12.871,16.22,-3.158,-2.401,-5.559,0.255,0.781,11.46,True,True,-6.331,2020-02-19,-4.568,-1.763
2020-02-19,GBP outright,pay,-1.1,OIS forward 6 Aug-17 Sep 2020,-35.996,13.502,0.0,7.328,7.328,0.0,0.539,10.656,False,True,-57.576,2020-04-21,0.545,-58.12
2020-02-27,GBP 2s10s,receive,1.051,2y vs 10y gilt,6.764,9.872,-3.758,-3.144,-6.901,0.411,0.783,6.224,True,True,7.669,2020-03-11,-2.796,10.465
2020-02-28,USD 2s10s,receive,1.376,2y vs 10y Treasury,5.498,22.261,-7.038,-3.574,-10.612,0.323,0.546,7.33,True,True,25.569,2020-03-16,-0.31,25.879
2020-03-16,USD 2s10s,pay,-1.605,2y vs 10y Treasury,-44.778,29.164,-1.456,-1.247,-2.703,0.085,0.611,16.766,True,True,0.893,2020-05-08,-0.244,1.137
2020-03-17,GBP 2s10s,receive,1.07,2y vs 10y gilt,8.921,11.432,0.376,-0.235,0.141,0.0,0.773,8.866,False,True,-26.219,2020-03-19,-2.454,-23.765
2020-05-08,USD outright,receive,1.801,ZQ Dec 2020,-1.838,67.366,0.0,-2.5,-2.5,0.036,0.086,3.538,True,True,-3.0,2021-06-10,-2.142,-0.858
2020-05-11,GBP - USD 2y,pay,-2.014,2y gilt vs 2y Treasury,-16.249,56.339,1.973,0.617,2.59,0.0,0.071,6.409,False,True,1.862,2021-06-04,3.535,-1.673
2020-05-20,GBP outright,receive,1.432,OIS forward 5 Nov-17 Dec 2020,-5.919,18.907,0.0,-3.802,-3.802,0.167,0.553,8.752,True,True,-5.099,2021-07-14,-3.663,-1.436
2020-08-11,USD 2s10s,receive,1.04,2y vs 10y Treasury,2.792,19.324,-0.569,-1.247,-1.816,0.086,0.678,12.52,True,True,23.615,2021-06-04,-2.386,26.001
2021-04-29,GBP 2s10s,receive,1.04,2y vs 10y gilt,4.978,8.867,-1.984,-0.412,-2.396,0.213,0.802,6.635,True,True,-29.003,2021-09-24,-2.187,-26.816
2021-08-06,GBP - USD 2y,receive,1.502,2y gilt vs 2y Treasury,76.966,50.036,-0.142,-1.995,-2.137,0.041,0.179,7.198,True,True,-2.306,2022-03-23,-2.569,0.263
2021-08-18,GBP outright,receive,1.305,OIS forward 3 Feb-17 Mar 2022,6.133,19.08,0.0,4.832,4.832,0.0,0.484,11.722,False,True,-32.174,2021-09-15,19.69,-51.863
2021-08-30,USD outright,pay,-1.012,ZQ Feb 2022,-82.806,44.153,0.0,0.0,0.0,0.0,0.245,10.799,False,True,8.5,2022-04-22,-5.911,14.411
2021-09-15,GBP outright,pay,-2.602,OIS forward 3 Feb-17 Mar 2022,-45.997,35.028,0.0,-7.415,-7.415,0.175,0.473,12.671,True,True,29.405,2021-10-11,-25.916,55.322
2021-10-18,GBP 2s10s,pay,-2.037,2y vs 10y gilt,-15.092,16.079,-4.862,-0.183,-5.045,0.239,0.757,10.942,True,True,3.64,2021-10-29,-5.0,8.639
2021-10-18,GBP outright,receive,1.701,OIS forward 17 Mar-5 May 2022,11.967,22.625,0.0,31.834,31.834,0.0,0.49,27.322,False,True,15.619,2021-11-17,30.296,-14.677
2021-10-22,USD 2s10s,receive,1.111,2y vs 10y Treasury,9.277,19.132,0.721,7.313,8.034,0.0,0.6,14.69,False,True,-28.908,2021-12-10,11.958,-40.867
2021-11-04,GBP 2s10s,pay,-1.204,2y vs 10y gilt,-8.647,9.586,-2.071,-1.449,-3.52,0.269,0.764,6.488,True,True,25.759,2021-11-11,-5.4,31.159
2021-11-17,GBP 2s10s,pay,-2.666,2y vs 10y gilt,-20.4,21.294,-3.419,-1.422,-4.841,0.185,0.77,15.28,True,True,21.89,2022-03-28,-6.266,28.156
2021-11-17,GBP outright,pay,-3.141,OIS forward 5 May-16 Jun 2022,-52.113,42.614,0.0,-30.251,-30.251,0.415,0.486,5.178,True,True,63.789,2022-09-23,-31.242,95.031
2022-01-27,USD 2s10s,pay,-2.839,2y vs 10y Treasury,-45.953,40.263,-9.12,-10.471,-19.591,0.327,0.608,16.82,True,True,13.972,2023-09-05,-29.976,43.948
2022-03-25,GBP - USD 2y,pay,-1.029,2y gilt vs 2y Treasury,-9.955,40.845,15.907,13.353,29.26,0.0,0.206,31.647,False,True,21.985,2022-09-26,26.975,-4.99
2022-04-04,GBP 2s10s,receive,1.246,2y vs 10y gilt,12.099,17.045,6.605,1.255,7.86,0.0,0.707,14.355,False,True,25.763,2022-05-17,6.925,18.838
2022-05-23,GBP 2s10s,receive,1.141,2y vs 10y gilt,12.23,16.308,5.453,-0.208,5.245,0.0,0.805,14.155,False,True,-41.869,2022-06-15,3.637,-45.506
2022-06-13,USD outright,receive,1.259,ZQ Dec 2022,18.312,72.078,0.0,108.344,108.344,0.0,0.268,98.634,False,True,-64.5,2022-07-28,13.936,-78.436
2022-06-16,GBP 2s10s,pay,-5.509,2y vs 10y gilt,-83.732,80.045,-8.642,0.202,-8.44,0.095,0.847,66.478,True,True,13.238,2022-12-15,-4.73,17.968
2022-09-06,USD outright,receive,1.071,ZQ Mar 2023,7.1,53.682,0.0,26.107,26.107,0.0,0.294,34.215,False,True,-84.0,2023-01-09,9.935,-93.935
2022-09-26,GBP outright,receive,1.231,OIS forward 23 Mar-11 May 2023,26.848,76.019,0.0,94.952,94.952,0.0,0.095,93.157,False,True,176.698,2022-10-17,36.575,140.124
2022-10-19,GBP - USD 2y,pay,-1.107,2y gilt vs 2y Treasury,-87.295,87.455,1.061,-5.726,-4.664,0.051,0.291,22.14,True,True,27.225,2023-05-24,-7.975,35.2
2022-10-27,GBP outright,pay,-1.057,OIS forward 23 Mar-11 May 2023,-115.199,65.379,0.0,-80.662,-80.662,0.552,0.257,-43.187,True,False,-41.714,2023-05-25,-25.134,-16.579
2023-02-02,GBP 2s10s,receive,1.029,2y vs 10y gilt,30.497,56.381,-9.367,-5.909,-15.276,0.213,0.821,43.567,True,True,-41.159,2023-04-20,-8.822,-32.337
2023-03-13,USD outright,pay,-1.491,ZQ Aug 2023,-131.517,78.477,0.0,49.303,49.303,0.0,0.312,58.401,False,True,127.5,2023-06-13,36.042,91.458
2023-06-22,GBP 2s10s,pay,-1.022,2y vs 10y gilt,-83.927,57.093,-4.894,3.449,-1.445,0.025,0.843,47.913,True,True,-61.289,2023-09-20,2.608,-63.897
2023-08-16,GBP - USD 2y,receive,1.028,2y gilt vs 2y Treasury,53.58,107.047,5.353,6.155,11.508,0.0,0.274,37.705,False,True,83.445,2025-05-07,3.818,79.627
2023-08-16,GBP outright,receive,1.429,OIS forward 1 Feb-21 Mar 2024,-6.141,112.435,0.0,22.025,22.025,0.0,0.297,48.854,False,True,91.093,2025-06-10,-4.017,95.11
2024-02-13,USD 2s10s,receive,1.229,2y vs 10y Treasury,-63.991,54.855,-6.625,-8.56,-15.185,0.217,0.124,-6.501,True,False,-21.775,2025-07-03,-13.845,-7.931
2024-06-07,USD outright,receive,1.063,ZQ Dec 2024,1.909,45.066,0.0,-20.885,-20.885,0.317,0.38,4.149,True,True,87.5,2024-07-26,-54.17,141.67
2024-08-01,USD outright,pay,-1.081,ZQ Feb 2025,-77.866,38.508,0.0,54.0,54.0,0.0,0.38,48.107,False,True,50.5,2024-11-08,65.0,-14.5
2024-09-19,GBP 2s10s,receive,1.043,2y vs 10y gilt,14.948,53.784,-11.393,-7.742,-19.135,0.262,0.855,43.219,True,True,12.658,2025-09-15,-12.466,25.124
2025-08-04,USD outright,pay,-1.1,ZQ Feb 2026,-75.262,29.781,0.0,33.0,33.0,0.0,0.432,31.611,False,True,3.0,2025-10-31,27.001,-24.001
2025-11-06,GBP 2s10s,receive,1.578,2y vs 10y gilt,25.725,36.524,-5.203,-2.971,-8.174,0.183,0.743,25.058,True,True,14.817,2026-03-19,-5.878,20.695
2026-02-12,USD 2s10s,pay,-1.022,2y vs 10y Treasury,-48.374,18.014,4.068,1.33,5.398,0.0,0.072,6.302,False,True,15.346,2026-03-12,1.362,13.984
2026-03-02,GBP - USD 2y,receive,1.002,2y gilt vs 2y Treasury,110.742,30.786,0.661,1.962,2.624,0.0,0.172,7.47,False,True,2.861,,1.667,1.194
2026-03-02,GBP outright,receive,1.207,OIS forward 30 Jul-17 Sep 2026,61.273,30.048,0.0,-10.833,-10.833,0.265,0.139,-5.14,True,False,-34.961,,14.903,-49.864
2026-03-19,USD outright,receive,1.129,ZQ Oct 2026,-18.895,31.041,0.0,-0.5,-0.5,0.016,0.446,13.573,True,True,-19.5,,4.656,-24.156
2026-03-26,USD 2s10s,receive,1.077,2y vs 10y Treasury,-11.514,17.614,1.214,1.828,3.042,0.0,0.072,4.093,False,True,-20.917,2026-04-09,4.132,-25.048
2026-04-14,GBP 2s10s,receive,1.075,2y vs 10y gilt,21.714,19.62,1.912,-2.297,-0.385,0.019,0.725,14.126,True,True,6.793,2026-04-30,1.165,5.628
2026-05-04,USD 2s10s,receive,1.154,2y vs 10y Treasury,-9.675,18.713,1.023,2.659,3.682,0.0,0.072,4.768,False,True,-0.176,2026-06-24,6.882,-7.058
2026-05-15,GBP 2s10s,receive,1.251,2y vs 10y gilt,26.007,22.767,4.955,-0.594,4.361,0.0,0.724,17.684,False,True,8.18,2026-09-17,1.849,6.33
2026-07-29,USD 2s10s,receive,1.151,2y vs 10y Treasury,-6.657,17.996,3.969,3.158,7.127,0.0,0.076,7.953,False,True,,2026-07-30,,
2026-09-29,USD 2s10s,receive,1.06,2y vs 10y Treasury,-9.23,15.694,8.387,6.898,15.285,0.0,0.078,15.317,False,True,,,,
